Column Name,Data Type,Description,Example Values
appearance_id,object,Description here,2219794_39475
game_id,float64,Description here,2219794.0
player_id,"player_id    float64
player_id    float64
dtype: object",Description here,"player_id    1335.0
player_id    1335.0
Name: 1, dtype: float64"
game_date,datetime64[ns],Description here,2012-07-22 00:00:00
player_name,object,Description here,Sacha Kljestan
competition_id,object,Description here,BESC
yellow_cards,float64,Description here,0.0
red_cards,float64,Description here,0.0
goals,float64,Description here,0.0
assists,float64,Description here,0.0
minutes_played,float64,Description here,3.0
name,object,Description here,Sacha Kljestan
last_season,float64,Description here,2014.0
country_of_birth,object,Description here,United States
date_of_birth,datetime64[ns],Description here,1985-09-09 00:00:00
position,object,Description here,Midfield
foot,object,Description here,both
height_in_cm,float64,Description here,185.0
market_value_in_eur,float64,Description here,4483560.842433698
highest_market_value_in_eur,float64,Description here,3000000.0
contract_expiration_date,datetime64[ns],Description here,2025-06-30 00:00:00
agent_name,object,Description here,Wasserman
game_lineups_id,object,Description here,Unknown
event_type,object,Description here,Unknown
number,float64,Description here,17.50409836065574
team_captain,float64,Description here,0.040983606557377046
game_event_id,object,Description here,Unknown
minute,float64,Description here,63.74616122840691
player_id,"player_id    float64
player_id    float64
dtype: object",Description here,"player_id    1335.0
player_id    1335.0
Name: 1, dtype: float64"
description,object,Description here,Unknown
player_in_id,float64,Description here,234412.62770897834
player_assist_id,float64,Description here,76221.34131736527
season,float64,Description here,2012.0
round,object,Description here,Final
date,datetime64[ns],Description here,2012-07-22 00:00:00
home_club_goals,float64,Description here,3.0
away_club_goals,float64,Description here,2.0
home_club_position,float64,Description here,9.279533599263578
away_club_position,float64,Description here,9.579011966861
home_club_manager_name,object,Description here,John van den Brom
away_club_manager_name,object,Description here,Peter Maes
stadium,object,Description here,Constant Vanden Stock Stadion
attendance,float64,Description here,14485.0
referee,object,Description here,Laurent Colemonts
home_club_formation,float64,Description here,N/A
away_club_formation,float64,Description here,N/A
home_club_name,object,Description here,Royal Sporting Club Anderlecht
away_club_name,object,Description here,KSC Lokeren (- 2020)
aggregate,object,Description here,03:02:00
competition_type,object,Description here,other
